<?xml version="1.0"?>
<doc>
    <assembly>
        <name>KGI.TW.Der.STQuote</name>
    </assembly>
    <members>
        <member name="T:KGI.TW.Der.STQuote.QuoteData.IDeal">
            <summary>
            取得成交資料介面
            </summary>
        </member>
        <member name="P:KGI.TW.Der.STQuote.QuoteData.IDeal.Exchange">
            <summary>
            交易所: 國內 TWSE,OTC,TAIFAX
                          國外 SGX,HKFE,CME,CBOT,EUREX
             Modify: 20140107 替換新元件後交易所名稱有修改 HKFE ==> HKEX、EUREX ==> EURX
            </summary>
        </member>
        <member name="P:KGI.TW.Der.STQuote.QuoteData.IDeal.Symbol">
            <summary>
            商品代碼
            </summary>
        </member>
        <member name="P:KGI.TW.Der.STQuote.QuoteData.IDeal.Session">
            <summary>
            盤別 : 海外期相關資訊
                        All
                        Broker = 人工盤
                        EC = T 電子盤
                        EC = T+1 電子盤
            </summary>
        </member>
        <member name="P:KGI.TW.Der.STQuote.QuoteData.IDeal.Deal">
            <summary>
            成交價
            </summary>
        </member>
        <member name="P:KGI.TW.Der.STQuote.QuoteData.IDeal.Quatity">
            <summary>
            成交單量
            </summary>
        </member>
        <member name="P:KGI.TW.Der.STQuote.QuoteData.IDeal.TotalQuantity">
            <summary>
            累計成交單量
            </summary>
        </member>
        <member name="P:KGI.TW.Der.STQuote.QuoteData.IDeal.ExchTime">
            <summary>
            交易所時間
            </summary>
        </member>
        <member name="P:KGI.TW.Der.STQuote.QuoteData.IDeal.StatusCode">
            <summary>
            Only for Quote Server 期貨/選擇權 
            </summary>
        </member>
        <member name="T:KGI.TW.Der.STQuote.QuoteData.DealInfo">
            <summary>
            實作成交資料介面
            </summary>
        </member>
        <member name="P:KGI.TW.Der.STQuote.QuoteData.DealInfo.Exchange">
            <summary>
            交易所: 國內 TWSE,OTC,TAIFAX
                          國外 SGX,HKFE,CME,CBOT,EUREX
             Modify: 20140107 替換新元件後交易所名稱有修改 HKFE ==> HKEX、EUREX ==> EURX
            </summary>
        </member>
        <member name="P:KGI.TW.Der.STQuote.QuoteData.DealInfo.Symbol">
            <summary>
            商品代碼
            </summary>
        </member>
        <member name="P:KGI.TW.Der.STQuote.QuoteData.DealInfo.Session">
            <summary>
            盤別 : 海外期相關資訊
                        All
                        Broker = 人工盤
                        EC = T 電子盤
                        EC = T+1 電子盤
            </summary>
        </member>
        <member name="P:KGI.TW.Der.STQuote.QuoteData.DealInfo.Deal">
            <summary>
            成交價
            </summary>
        </member>
        <member name="P:KGI.TW.Der.STQuote.QuoteData.DealInfo.Quatity">
            <summary>
            累計成交單量
            </summary>
        </member>
        <member name="P:KGI.TW.Der.STQuote.QuoteData.DealInfo.ExchTime">
            <summary>
            交易所時間
            </summary>
        </member>
        <member name="P:KGI.TW.Der.STQuote.QuoteData.DealInfo.TotalQuantity">
            <summary>
            累計成交單量
            </summary>
        </member>
        <member name="P:KGI.TW.Der.STQuote.QuoteData.DealInfo.StatusCode">
            <summary>
            Only for Quote Server 期貨/選擇權 
            </summary>
        </member>
        <member name="T:KGI.TW.Der.STQuote.QuoteData.RecoverInfo">
            <summary>
            回補資訊
            </summary>
            <remarks>
            其中包含產品基本條件、成交資料、開盤價、最高低價
            </remarks>
        </member>
        <member name="T:KGI.TW.Der.STQuote.QuoteData.IProduct">
            <summary>
            商品基本資料介面
            </summary>
        </member>
        <member name="P:KGI.TW.Der.STQuote.QuoteData.IProduct.Exchange">
            <summary>
            交易所: 國內 TWSE,OTC,TAIFAX
                          國外 SGX,HK,CME,CBOT,EUREX
            </summary>
        </member>
        <member name="P:KGI.TW.Der.STQuote.QuoteData.IProduct.Symbol">
            <summary>
            商品代碼
            </summary>
        </member>
        <member name="P:KGI.TW.Der.STQuote.QuoteData.IProduct.GlobalName">
            <summary>
            商品名稱
            </summary>
        </member>
        <member name="P:KGI.TW.Der.STQuote.QuoteData.IProduct.Underlying">
            <summary>
            標的代號: for 個股期貨
            </summary>
        </member>
        <member name="P:KGI.TW.Der.STQuote.QuoteData.IProduct.LotSize">
            <summary>
            每單位股數
            </summary>
        </member>
        <member name="P:KGI.TW.Der.STQuote.QuoteData.IProduct.Reference">
            <summary>
             平盤價
            </summary>
        </member>
        <member name="P:KGI.TW.Der.STQuote.QuoteData.IProduct.UpLimit">
            <summary>
            漲停價
            </summary>
        </member>
        <member name="P:KGI.TW.Der.STQuote.QuoteData.IProduct.DownLimit">
            <summary>
            跌停價
            </summary>
        </member>
        <member name="P:KGI.TW.Der.STQuote.QuoteData.IProduct.LotsSizeA">
            <summary>
            乘數(預留)
            </summary>
        </member>
        <member name="T:KGI.TW.Der.STQuote.QuoteData.IOpenHighLow">
            <summary>
            取得開盤高低價資料介面
            </summary>
        </member>
        <member name="P:KGI.TW.Der.STQuote.QuoteData.IOpenHighLow.Exchange">
            <summary>
            交易所: 國內 TWSE,OTC,TAIFAX
                          國外 SGX,HKFE,CME,CBOT,EUREX
            Modify: 20140107 替換新元件後交易所名稱有修改 HKFE ==> HKEX、EUREX ==> EURX
            </summary>
        </member>
        <member name="P:KGI.TW.Der.STQuote.QuoteData.IOpenHighLow.Symbol">
            <summary>
            商品代碼
            </summary>
        </member>
        <member name="P:KGI.TW.Der.STQuote.QuoteData.IOpenHighLow.Open">
            <summary>
            開盤價
            </summary>
        </member>
        <member name="P:KGI.TW.Der.STQuote.QuoteData.IOpenHighLow.High">
            <summary>
            今日最高價
            </summary>
        </member>
        <member name="P:KGI.TW.Der.STQuote.QuoteData.IOpenHighLow.Low">
            <summary>
            今日最低價
            </summary>
        </member>
        <member name="P:KGI.TW.Der.STQuote.QuoteData.IOpenHighLow.Settlement">
            <summary>
            結算價
            </summary>
            <remarks> 
            2014/10/21 Eric 新增結算價
            </remarks>
        </member>
        <member name="P:KGI.TW.Der.STQuote.QuoteData.IOpenHighLow.TotalValue">
            <summary>
            累計成交值
            </summary>
            <remarks> 
            2014/11/18 Eric 新增累計成交值
            </remarks>
        </member>
        <member name="P:KGI.TW.Der.STQuote.QuoteData.IOpenHighLow.ExchTime">
            <summary>
            交易所時間
            </summary>
        </member>
        <member name="F:KGI.TW.Der.STQuote.QuoteData.RecoverInfo.RecoverfinishedFlag">
            <summary>
            bit0: Recover Product Info finished
            bit1: Recover Deal Info finished
            bit2: Recover Open, High, Low price Info finished
            </summary>
        </member>
        <member name="P:KGI.TW.Der.STQuote.QuoteData.RecoverInfo.Exchange">
            <summary>
            交易所: 國內 TWSE,OTC,TAIFAX
                          國外 SGX,HKFE,CME,CBOT,EUREX
            Modify: 20140107 替換新元件後交易所名稱有修改 HKFE ==> HKEX、EUREX ==> EURX
            </summary>
        </member>
        <member name="P:KGI.TW.Der.STQuote.QuoteData.RecoverInfo.Symbol">
            <summary>
            商品代碼
            </summary>
        </member>
        <member name="P:KGI.TW.Der.STQuote.QuoteData.RecoverInfo.GlobalName">
            <summary>
            商品名稱
            </summary>
        </member>
        <member name="P:KGI.TW.Der.STQuote.QuoteData.RecoverInfo.Underlying">
            <summary>
            標的代號: for 個股期貨
            </summary>
        </member>
        <member name="P:KGI.TW.Der.STQuote.QuoteData.RecoverInfo.LotSize">
            <summary>
            每單位股數
            </summary>
        </member>
        <member name="P:KGI.TW.Der.STQuote.QuoteData.RecoverInfo.Reference">
            <summary>
             平盤價
            </summary>
        </member>
        <member name="P:KGI.TW.Der.STQuote.QuoteData.RecoverInfo.UpLimit">
            <summary>
            漲停價
            </summary>
        </member>
        <member name="P:KGI.TW.Der.STQuote.QuoteData.RecoverInfo.DownLimit">
            <summary>
            跌停價
            </summary>
        </member>
        <member name="P:KGI.TW.Der.STQuote.QuoteData.RecoverInfo.LotsSizeA">
            <summary>
            乘數(預留)
            </summary>
        </member>
        <member name="P:KGI.TW.Der.STQuote.QuoteData.RecoverInfo.Session">
            <summary>
            盤別 : 海外期相關資訊
                        All
                        Broker = 人工盤
                        EC = T 電子盤
                        EC = T+1 電子盤
            </summary>
        </member>
        <member name="P:KGI.TW.Der.STQuote.QuoteData.RecoverInfo.Deal">
            <summary>
            成交價
            </summary>
        </member>
        <member name="P:KGI.TW.Der.STQuote.QuoteData.RecoverInfo.Quatity">
            <summary>
            累計成交單量
            </summary>
        </member>
        <member name="P:KGI.TW.Der.STQuote.QuoteData.RecoverInfo.ExchTime">
            <summary>
            交易所時間
            </summary>
        </member>
        <member name="P:KGI.TW.Der.STQuote.QuoteData.RecoverInfo.TotalQuantity">
            <summary>
            累計成交單量
            </summary>
        </member>
        <member name="P:KGI.TW.Der.STQuote.QuoteData.RecoverInfo.StatusCode">
            <summary>
            Only for Quote Server 期貨/選擇權 
            </summary>
        </member>
        <member name="P:KGI.TW.Der.STQuote.QuoteData.RecoverInfo.Open">
            <summary>
            開盤價
            </summary>
        </member>
        <member name="P:KGI.TW.Der.STQuote.QuoteData.RecoverInfo.High">
            <summary>
            今日最高價
            </summary>
        </member>
        <member name="P:KGI.TW.Der.STQuote.QuoteData.RecoverInfo.Low">
            <summary>
            今日最低價
            </summary>
        </member>
        <member name="P:KGI.TW.Der.STQuote.QuoteData.RecoverInfo.Settlement">
            <summary>
            結算價
            </summary>
            <remarks> 
            2014/10/21 Eric 新增結算價
            </remarks>
        </member>
        <member name="P:KGI.TW.Der.STQuote.QuoteData.RecoverInfo.TotalValue">
            <summary>
            累計成交值
            </summary>
            <remarks> 
            2014/11/18 Eric 新增累計成交值
            </remarks>
        </member>
        <member name="T:KGI.TW.Der.STQuote.QuoteData.IBestOrder">
            <summary>
            最佳N檔委託資料型別介面
            </summary>
        </member>
        <member name="P:KGI.TW.Der.STQuote.QuoteData.IBestOrder.Exchange">
            <summary>
            交易所: 國內 TWSE,OTC,TAIFAX
                          國外 SGX,HKFE,CME,CBOT,EUREX
             Modify: 20140107 替換新元件後交易所名稱有修改 HKFE ==> HKEX、EUREX ==> EURX
            </summary>
        </member>
        <member name="P:KGI.TW.Der.STQuote.QuoteData.IBestOrder.Symbol">
            <summary>
            商品代碼
            </summary>
        </member>
        <member name="P:KGI.TW.Der.STQuote.QuoteData.IBestOrder.BestOrder">
            <summary>
            最佳五檔委託價量
            </summary>
        </member>
        <member name="P:KGI.TW.Der.STQuote.QuoteData.IBestOrder.ExchTime">
            <summary>
            交易所時間
            </summary>
        </member>
        <member name="P:KGI.TW.Der.STQuote.QuoteData.IBestOrder.TrendSign">
            <summary>
            瞬間價格趨勢
            </summary>
            <remarks>
            TrendSign: 01: 暫緩撮合且趨跌; 02:暫緩撮和且趨漲
            </remarks>
        </member>
        <member name="T:KGI.TW.Der.STQuote.QuoteData.BestOrderInfo">
            <summary>
            實作最佳N檔委託資料型別介面
            </summary>
        </member>
        <member name="P:KGI.TW.Der.STQuote.QuoteData.BestOrderInfo.Exchange">
            <summary>
            交易所: 國內 TWSE,OTC,TAIFAX
                          國外 SGX,HKFE,CME,CBOT,EUREX
             Modify: 20140107 替換新元件後交易所名稱有修改 HKFE ==> HKEX、EUREX ==> EURX
            </summary>
        </member>
        <member name="P:KGI.TW.Der.STQuote.QuoteData.BestOrderInfo.Symbol">
            <summary>
            商品代碼
            </summary>
        </member>
        <member name="P:KGI.TW.Der.STQuote.QuoteData.BestOrderInfo.BestOrder">
            <summary>
            最佳五檔委託價量
            </summary>
        </member>
        <member name="P:KGI.TW.Der.STQuote.QuoteData.BestOrderInfo.ExchTime">
            <summary>
            交易所時間
            </summary>
        </member>
        <member name="P:KGI.TW.Der.STQuote.QuoteData.BestOrderInfo.TrendSign">
            <summary>
            瞬間價格趨勢
            </summary>
            <remarks>
            TrendSign: 01: 暫緩撮合且趨跌; 02:暫緩撮和且趨漲
            </remarks>
        </member>
        <member name="T:KGI.TW.Der.STQuote.QuoteData.BestOrderData">
            <summary>
            最佳N檔的資效型別
            </summary>
            <remarks>
            委買、委賣價格與張數
            </remarks>
        </member>
        <member name="P:KGI.TW.Der.STQuote.QuoteData.BestOrderData.BidPiece">
            <summary>
            買進張數(口數)
            </summary>
        </member>
        <member name="P:KGI.TW.Der.STQuote.QuoteData.BestOrderData.BidPrice">
            <summary>
            買進價
            </summary>
        </member>
        <member name="P:KGI.TW.Der.STQuote.QuoteData.BestOrderData.AskPiece">
            <summary>
            賣出張數(口數)
            </summary>
        </member>
        <member name="P:KGI.TW.Der.STQuote.QuoteData.BestOrderData.AskPrice">
            <summary>
            賣出價
            </summary>
        </member>
        <member name="T:KGI.TW.Der.STQuote.QuoteData.OrderData">
            <summary>
            紀錄QuoteCom即時十檔資訊，組成最佳N檔暫存用的買/賣清單
            </summary>
        </member>
        <member name="F:KGI.TW.Der.STQuote.QuoteData.OrderData.buyList">
            <summary>
            紀錄委買價歷程
            </summary>
        </member>
        <member name="F:KGI.TW.Der.STQuote.QuoteData.OrderData.saleList">
            <summary>
            紀錄偉賣價歷程
            </summary>
        </member>
        <member name="T:KGI.TW.Der.STQuote.QuoteData.DetailOrderData">
            <summary>
            買/賣清單中的價、量，for QuoteCom
            </summary>
        </member>
        <member name="F:KGI.TW.Der.STQuote.QuoteData.DetailOrderData.Price">
            <summary>
            價格
            </summary>
        </member>
        <member name="F:KGI.TW.Der.STQuote.QuoteData.DetailOrderData.Piece">
            <summary>
            數量
            </summary>
        </member>
        <member name="T:KGI.TW.Der.STQuote.QuoteData.BestOrderMaker">
            <summary>
            組出最佳N檔中的資料成員
            </summary>
        </member>
        <member name="F:KGI.TW.Der.STQuote.QuoteData.BestOrderMaker.dicOrderDataCache">
            <summary>
            紀錄目前最新的委託價格、數量清單(組出最新N檔價量) only for QuoteCom
            string: 交易所
            OrderData: 買/賣的價格、數量(會依照頂端價TopMark保留最新的)
            </summary>
        </member>
        <member name="F:KGI.TW.Der.STQuote.QuoteData.BestOrderMaker.dicHisOrderDataCache">
            <summary>
            記錄今日所以委託價格、數量清單(組出最新N檔價量) only for QuoteCom
            string: 交易所
            OrderData: 買/賣的價格、數量(今日所有委託過的，會即時更新價格對應的數量)
            </summary>
        </member>
        <member name="F:KGI.TW.Der.STQuote.QuoteData.BestOrderMaker.orderData">
            <summary>
            委託價格清單
            </summary>
        </member>
        <member name="F:KGI.TW.Der.STQuote.QuoteData.BestOrderMaker.hisOrderData">
            <summary>
            歷史委託價格清單(價格會更新至目前最新的價格)
            </summary>
        </member>
        <member name="F:KGI.TW.Der.STQuote.QuoteData.BestOrderMaker.detailOrderData">
            <summary>
            買/賣清單中的價、量
            </summary>
        </member>
        <member name="M:KGI.TW.Der.STQuote.QuoteData.BestOrderMaker.UpdateBestOrder(System.String,System.String,System.Char,System.Double,System.Int32,System.Char,System.Int32)">
            <summary>
            依傳入的資料組成最佳N檔資料(暫定為5檔)
            </summary>
            <param name="exchange">交易所: SGX、HKFE、CME、CBOT、EUREX</param>
            Modify: 20140107 替換新元件後交易所名稱有修改 HKFE ==> HKEX、EUREX ==> EURX
            <param name="symbol">商品代碼: TW-K13</param>
            <param name="side">委託買賣別: B、S</param>
            <param name="price">委託價</param>
            <param name="piece">委託數量</param>
            <param name="topmark">頂端價: 目前最接近成交價的價格</param>
            <param name="bestOrderCount">欲產生最佳N檔的行情</param>
            <returns>回傳組好海外期貨最佳N檔資訊</returns>
        </member>
        <member name="P:KGI.TW.Der.STQuote.QuoteData.BestOrderMaker.Piece">
            <summary>
            買賣張數(口數)
            </summary>
        </member>
        <member name="P:KGI.TW.Der.STQuote.QuoteData.BestOrderMaker.Price">
            <summary>
            買賣價格
            </summary>
        </member>
        <member name="P:KGI.TW.Der.STQuote.QuoteData.BestOrderMaker.Side">
            <summary>
            買賣別
            </summary>
        </member>
        <member name="P:KGI.TW.Der.STQuote.QuoteData.BestOrderMaker.Symbol">
            <summary>
            商品名稱
            </summary>
        </member>
        <member name="P:KGI.TW.Der.STQuote.QuoteData.BestOrderMaker.bestOrder">
            <summary>
            最新N檔 
            </summary>
        </member>
        <member name="T:KGI.TW.Der.STQuote.Util.ILogWrapper">
            <summary>
            定義給QuoteAPI使用來記錄Log資訊的介面
            </summary>
        </member>
        <member name="M:KGI.TW.Der.STQuote.Util.ILogWrapper.Info(System.String)">
            <summary>
            紀錄資訊用途 Log
            </summary>
            <param name="msg">欲寫入log訊息</param>
        </member>
        <member name="M:KGI.TW.Der.STQuote.Util.ILogWrapper.Debug(System.String)">
            <summary>
            除錯用途 Log
            </summary>
            <param name="msg">欲寫入log訊息</param>
        </member>
        <member name="M:KGI.TW.Der.STQuote.Util.ILogWrapper.Warn(System.String)">
            <summary>
            警告用途Log
            </summary>
            <param name="msg">欲寫入log訊息</param>
        </member>
        <member name="M:KGI.TW.Der.STQuote.Util.ILogWrapper.Error(System.String)">
            <summary>
            錯誤訊息用途
            </summary>
            <param name="msg">欲寫入log訊息</param>
        </member>
        <member name="T:KGI.TW.Der.STQuote.Util.DummyLogger">
            <summary>
            提供給API寫入Log的機制
            </summary>
        </member>
        <member name="M:KGI.TW.Der.STQuote.Util.DummyLogger.Info(System.String)">
            <summary>
            紀錄資訊用途
            </summary>
            <param name="msg">欲寫入log訊息</param>
        </member>
        <member name="M:KGI.TW.Der.STQuote.Util.DummyLogger.Debug(System.String)">
            <summary>
             除錯訊息用途
            </summary>
            <param name="msg">欲寫入log訊息</param>
        </member>
        <member name="M:KGI.TW.Der.STQuote.Util.DummyLogger.Warn(System.String)">
            <summary>
            警告訊息Log
            </summary>
            <param name="msg">欲寫入log訊息</param>
        </member>
        <member name="M:KGI.TW.Der.STQuote.Util.DummyLogger.Error(System.String)">
            <summary>
            錯誤訊息Log
            </summary>
            <param name="msg">欲寫入log訊息</param>
        </member>
        <member name="T:KGI.TW.Der.STQuote.QuoteData.IPluginInfo">
            <summary>
            動態載入行情API模組
            </summary>
        </member>
        <member name="T:KGI.TW.Der.STQuote.QuoteData.ISetting">
            <summary>
            Plugin設定建立API連線的基本參數
            </summary>
        </member>
        <member name="P:KGI.TW.Der.STQuote.QuoteData.ISetting.ServiceCode">
            <summary>
            行情API代碼
            </summary>
            <remarks>
            目前有KGIQSStkService、KGIQSFutService、KGIQCFutService
            </remarks>
        </member>
        <member name="P:KGI.TW.Der.STQuote.QuoteData.ISetting.IP">
            <summary>
            連線IP
            </summary>
        </member>
        <member name="P:KGI.TW.Der.STQuote.QuoteData.ISetting.Port">
            <summary>
            連線port
            </summary>
        </member>
        <member name="P:KGI.TW.Der.STQuote.QuoteData.ISetting.IsLoad">
            <summary>
            是否載入此下單模組
            </summary>
        </member>
        <member name="T:KGI.TW.Der.STQuote.QuoteData.IMarketDataSub">
            <summary>
            訂閱行情API所需資料型別介面
            </summary>
        </member>
        <member name="P:KGI.TW.Der.STQuote.QuoteData.IMarketDataSub.Exchange">
            <summary>
            交易所: 國內 TWSE,OTC,TAIFAX
                          國外 SGX,HKFE,CME,CBOT,EUREX
            Modify: 20140107 替換新元件後交易所名稱有修改 HKFE ==> HKEX、EUREX ==> EURX
            </summary>
        </member>
        <member name="P:KGI.TW.Der.STQuote.QuoteData.IMarketDataSub.Market">
            <summary>
            市場別
            </summary>
        </member>
        <member name="P:KGI.TW.Der.STQuote.QuoteData.IMarketDataSub.Symbol">
            <summary>
            商品代碼
            </summary>
        </member>
        <member name="P:KGI.TW.Der.STQuote.QuoteData.IMarketDataSub.Session">
            <summary>
            盤別
            FS_ALL = 0, 手動盤
            FS_BROKER = 1, 手動盤
            FS_EC = 2, T 電子盤
            FS_EC1 = 3, T+1 電子盤
            </summary>
        </member>
        <member name="T:KGI.TW.Der.STQuote.QuoteData.GeneralMarketDataSub">
            <summary>
            實作訂閱行情API所需資料型別介面
            </summary>
        </member>
        <member name="P:KGI.TW.Der.STQuote.QuoteData.GeneralMarketDataSub.Exchange">
            <summary>
            交易所: 國內 TWSE,OTC,TAIFAX
                          國外 SGX,HKFE,CME,CBOT,EUREX
            Modify: 20140107 替換新元件後交易所名稱有修改 HKFE ==> HKEX、EUREX ==> EURX
            </summary>
        </member>
        <member name="P:KGI.TW.Der.STQuote.QuoteData.GeneralMarketDataSub.Market">
            <summary>
            市場別
            </summary>
        </member>
        <member name="P:KGI.TW.Der.STQuote.QuoteData.GeneralMarketDataSub.Symbol">
            <summary>
            商品代碼
            </summary>
        </member>
        <member name="P:KGI.TW.Der.STQuote.QuoteData.GeneralMarketDataSub.Session">
            <summary>
            盤別
            FS_ALL = 0, 手動盤
            FS_BROKER = 1, 手動盤
            FS_EC = 2, T 電子盤
            FS_EC1 = 3, T+1 電子盤
            </summary>
        </member>
        <member name="T:KGI.TW.Der.STQuote.QuoteData.OpenHighLowInfo">
            <summary>
            實作取得開盤高低價資料介面
            </summary>
        </member>
        <member name="P:KGI.TW.Der.STQuote.QuoteData.OpenHighLowInfo.Exchange">
            <summary>
            交易所: 國內 TWSE,OTC,TAIFAX
                          國外 SGX,HKFE,CME,CBOT,EUREX
            Modify: 20140107 替換新元件後交易所名稱有修改 HKFE ==> HKEX、EUREX ==> EURX
            </summary>
        </member>
        <member name="P:KGI.TW.Der.STQuote.QuoteData.OpenHighLowInfo.Symbol">
            <summary>
            商品代碼
            </summary>
        </member>
        <member name="P:KGI.TW.Der.STQuote.QuoteData.OpenHighLowInfo.Open">
            <summary>
            開盤價
            </summary>
        </member>
        <member name="P:KGI.TW.Der.STQuote.QuoteData.OpenHighLowInfo.High">
            <summary>
            今日最高價
            </summary>
        </member>
        <member name="P:KGI.TW.Der.STQuote.QuoteData.OpenHighLowInfo.Low">
            <summary>
            今日最低價
            </summary>
        </member>
        <member name="P:KGI.TW.Der.STQuote.QuoteData.OpenHighLowInfo.Settlement">
            <summary>
            結算價
            </summary>
            <remarks> 
            2014/10/21 Eric 新增結算價
            </remarks>
        </member>
        <member name="P:KGI.TW.Der.STQuote.QuoteData.OpenHighLowInfo.TotalValue">
            <summary>
            累計成交值
            </summary>
            <remarks> 
            2014/11/18 Eric 新增累計成交值
            </remarks>
        </member>
        <member name="P:KGI.TW.Der.STQuote.QuoteData.OpenHighLowInfo.ExchTime">
            <summary>
            交易所時間
            </summary>
        </member>
        <member name="T:KGI.TW.Der.STQuote.IMarketDataSource">
            <summary>
            行情API的共同介面
            </summary>
        </member>
        <member name="M:KGI.TW.Der.STQuote.IMarketDataSource.Init(KGI.TW.Der.STQuote.QuoteData.ISetting)">
            <summary>
            行情元API初始化
            </summary>
            <param name="setting">行情API代碼、連線IP、連線Port、是否載入此下單模組</param>
            <returns>true: 初始化成功, false: 初始化失敗</returns>
        </member>
        <member name="M:KGI.TW.Der.STQuote.IMarketDataSource.UnInit">
            <summary>
            關閉行情API
            </summary>
            <returns>true: 反初始化成功, false: 反初始化失敗</returns>
        </member>
        <member name="M:KGI.TW.Der.STQuote.IMarketDataSource.Connect">
            <summary>
            連線至行情源
            </summary>
        </member>
        <member name="M:KGI.TW.Der.STQuote.IMarketDataSource.DisConnect">
            <summary>
            取消連線行情源
            </summary>
        </member>
        <member name="M:KGI.TW.Der.STQuote.IMarketDataSource.Sub(KGI.TW.Der.STQuote.QuoteData.IMarketDataSub)">
            <summary>
            訂閱成交價、五檔價量
            </summary>
            <param name="subInfo">帶入交易所、市場別、商品代碼、盤別</param>
        </member>
        <member name="M:KGI.TW.Der.STQuote.IMarketDataSource.UnSub(KGI.TW.Der.STQuote.QuoteData.IMarketDataSub)">
            <summary>
            取消訂閱成交價、五檔價量取消訂閱，目前只有海外期/權才有支援此功能(QouteCom API)
            </summary>
            <param name="subInfo">帶入交易所、市場別、商品代碼、盤別</param>
            <returns>回傳值: -1 表示不支援此功能</returns>
        </member>
        <member name="M:KGI.TW.Der.STQuote.IMarketDataSource.Recover(KGI.TW.Der.STQuote.QuoteData.IMarketDataSub)">
            <summary>
            進行回補(基本資料、成交資料、開盤高低價資料)，可全部或單檔訂閱
            </summary>
            <param name="subInfo">帶入交易所、市場別、商品代碼、盤別</param>
        </member>
        <member name="M:KGI.TW.Der.STQuote.IMarketDataSource.GetProductInfo(KGI.TW.Der.STQuote.QuoteData.IMarketDataSub)">
            <summary>
            取股票基本資料(QuoteCom by交易所)
            </summary>
            <param name="subInfo">帶入交易所、市場別、商品代碼、盤別</param>                
        </member>
        <member name="M:KGI.TW.Der.STQuote.IMarketDataSource.SubQuote(KGI.TW.Der.STQuote.QuoteData.IMarketDataSub)">
            <summary>
            訂閱選擇權即時詢價揭示訊息
            </summary>
            <param name="subInfo">帶入交易所、市場別、商品代碼、盤別</param>
            <returns>回傳狀態(目前只有國內期權支援詢價功能)</returns>
        </member>
        <member name="M:KGI.TW.Der.STQuote.IMarketDataSource.GetOpenHighLow(KGI.TW.Der.STQuote.QuoteData.IMarketDataSub)">
            <summary>
            取得開盤價、高低價
            </summary>
            <param name="subInfo">帶入交易所、市場別、商品代碼、盤別</param>
        </member>
        <member name="M:KGI.TW.Der.STQuote.IMarketDataSource.SubIndex(KGI.TW.Der.STQuote.QuoteData.IMarketDataSub)">
            <summary>
            訂閱大盤指數
            </summary>
            <param name="subInfo">帶入交易所、市場別、商品代碼、盤別</param>
        </member>
        <member name="M:KGI.TW.Der.STQuote.IMarketDataSource.SubMarketAmount">
            <summary>
            訂閱大盤總成交金額
            </summary>
        </member>
        <member name="M:KGI.TW.Der.STQuote.IMarketDataSource.Login">
            <summary>
            登入: only for Foreign Future (QuoteCom)
            </summary>
        </member>
        <member name="M:KGI.TW.Der.STQuote.IMarketDataSource.Logout">
            <summary>
            登出: only for Foreign Future (QuoteCom)
            </summary>
        </member>
        <member name="P:KGI.TW.Der.STQuote.IMarketDataSource.ServiceCode">
            <summary>
            行情來源代碼
            </summary>
            <remarks>
            目前是QuoteServer(Stock)、QuoteServer(Futuure/Option)、QuoteCom(Foreign Future/Option)
            </remarks>
        </member>
        <member name="P:KGI.TW.Der.STQuote.IMarketDataSource.Log">
            <summary>
            將Log4net包裝成ILogWrapper的介面來使用
            </summary>
        </member>
        <member name="E:KGI.TW.Der.STQuote.IMarketDataSource.OnConnectStatus">
            <summary>
            連線狀態
            </summary>
        </member>
        <member name="E:KGI.TW.Der.STQuote.IMarketDataSource.OnQuote">
            <summary>
            更新詢價事件
            </summary>
        </member>
        <member name="E:KGI.TW.Der.STQuote.IMarketDataSource.OnDeal">
            <summary>
            更新行情成交價格事件
            </summary>
        </member>
        <member name="E:KGI.TW.Der.STQuote.IMarketDataSource.OnBestOrder">
            <summary>
            更新行情最佳五檔價量事件
            </summary>
        </member>
        <member name="E:KGI.TW.Der.STQuote.IMarketDataSource.OnProduct">
            <summary>
            更新商品基本資料事件
            </summary>
        </member>
        <member name="E:KGI.TW.Der.STQuote.IMarketDataSource.OnOpenHighLow">
            <summary>
            更新開盤價、高低價事件
            </summary>
        </member>
        <member name="E:KGI.TW.Der.STQuote.IMarketDataSource.OnRecoverInfo">
            <summary>
            更新回補資料事件(RecoverInfo格式)
            </summary>
            <remarks>
            IProduct: 產品基本資料
            IDeal: 成交資料
            IOpenHighLow: 開盤價、最高、最低價
            int: 資料完整性旗標 (Flag.bit0: 產品基本資料、Flag.bit1: 成交資料、Flag.bit2: 開盤價、最高、最低價)       /// 
            </remarks>
        </member>
        <member name="E:KGI.TW.Der.STQuote.IMarketDataSource.OnRecoverFinished">
            <summary>
            回補狀態旗標
            </summary>
        </member>
        <member name="E:KGI.TW.Der.STQuote.IMarketDataSource.OnError">
            <summary>
            傳送行情API錯誤訊息
            ServiceCode, ErrorCode, Message
            </summary>
        </member>
        <member name="E:KGI.TW.Der.STQuote.IMarketDataSource.OnMarketAmount">
            <summary>
            回傳大盤成交總金額
            </summary>
        </member>
        <member name="T:KGI.TW.Der.STQuote.MarketDataDef">
            <summary>
            行情API的訊息定義
            </summary>
        </member>
        <member name="F:KGI.TW.Der.STQuote.MarketDataDef.ConnStatus_QSStkConnected">
            <summary>
            國內股票(Quote Server Stock)連線
            </summary>
            <remarks>
            代碼: 00101
            </remarks>
        </member>
        <member name="F:KGI.TW.Der.STQuote.MarketDataDef.ConnStatus_QSStkDisConnected">
            <summary>
            國內股票(Quote Server Stock)斷線
            </summary>
            <remarks>
            代碼: 10101
            </remarks>
        </member>
        <member name="F:KGI.TW.Der.STQuote.MarketDataDef.GetProductStatus_QSStkFinished">
            <summary>
            國內股票(Quote Server Stock) 產品基本資料回補完成
            </summary>
            <remarks>
            代碼: 00108
            </remarks>
        </member>
        <member name="F:KGI.TW.Der.STQuote.MarketDataDef.GetProductStatus_QSStkNotFinished">
            <summary>
            國內股票(Quote Server Stock) 產品基本資料回補失敗
            </summary>
            <remarks>
            代碼: 10108
            </remarks>
        </member>
        <member name="F:KGI.TW.Der.STQuote.MarketDataDef.RecoverStatus_QSStkFinished">
            <summary>
            國內股票(Quote Server Stock) 一次性資料回補完成
            </summary>
            <remarks>
            代碼: 00109
            </remarks>
        </member>
        <member name="F:KGI.TW.Der.STQuote.MarketDataDef.RecoverStatus_QSStkNotFinishedStart">
            <summary>
            國內股票(Quote Server Stock) 一次性資料回補失敗(開始)
            </summary>
            <remarks>
            代碼: 10109
            </remarks>
        </member>
        <member name="F:KGI.TW.Der.STQuote.MarketDataDef.RecoverStatus_QSStkNotFinishedEnd">
            <summary>
            國內股票(Quote Server Stock) 一次性資料回補失敗(結束)
            </summary>
            <remarks>
            代碼: 10110
            </remarks>
        </member>
        <member name="F:KGI.TW.Der.STQuote.MarketDataDef.ErrorStatus_QSStkOtherError">
            <summary>
            國內股票(Quote Server Stock) 其他錯誤
            </summary>
            <remarks>
            代碼: 10199
            </remarks>
        </member>
        <member name="F:KGI.TW.Der.STQuote.MarketDataDef.ConnStatus_QSFutConnected">
            <summary>
            國內期貨/選擇權(Quote Server Future)連線
            </summary>
            <remarks>
            代碼: 00201
            </remarks>
        </member>
        <member name="F:KGI.TW.Der.STQuote.MarketDataDef.ConnStatus_QSFutDisConnected">
            <summary>
            國內期貨/選擇權(Quote Server Future)斷線
            </summary>
            <remarks>
            代碼: 10201
            </remarks>
        </member>
        <member name="F:KGI.TW.Der.STQuote.MarketDataDef.GetProductStatus_QSFutFinished">
            <summary>
            國內期貨/選擇權(Quote Server Future)產品基本資料回補完成
            </summary>
            <remarks>
            代碼: 00208
            </remarks>
        </member>
        <member name="F:KGI.TW.Der.STQuote.MarketDataDef.GetProductStatus_QSFutNotFinished">
            <summary>
            國內期貨/選擇權(Quote Server Future) 產品基本資料回補失敗
            </summary>
            <remarks>
            代碼: 10208
            </remarks>
        </member>
        <member name="F:KGI.TW.Der.STQuote.MarketDataDef.RecoverStatus_QSFutFinished">
            <summary>
            國內期貨/選擇權(Quote Server Future) 一次性資料回補完成
            </summary>
        </member>
        <member name="F:KGI.TW.Der.STQuote.MarketDataDef.RecoverStatus_QSFutNotFinishedStart">
            <summary>
            國內期貨/選擇權(Quote Server Future) 一次性資料回補失敗(開始)
            </summary>
            <remarks>
            代碼: 10209
            </remarks>
        </member>
        <member name="F:KGI.TW.Der.STQuote.MarketDataDef.RecoverStatus_QSFutNotFinishedEnd">
            <summary>
            國內期貨/選擇權(Quote Server Future) 一次性資料回補失敗(結束)
            </summary>
            <remarks>
            代碼: 10210
            </remarks>
        </member>
        <member name="F:KGI.TW.Der.STQuote.MarketDataDef.ErrorStatus_QSFutOtherError">
            <summary>
            國內期貨/選擇權(Quote Server Future) 其他錯誤
            </summary>
            <remarks>
            代碼: 10299
            </remarks>
        </member>
        <member name="F:KGI.TW.Der.STQuote.MarketDataDef.ConnStatus_QCFutConnected">
            <summary>
            海外期貨/選擇權(QuoteCom)連線
            </summary>
            <remarks>
            代碼: 00301
            </remarks>
        </member>
        <member name="F:KGI.TW.Der.STQuote.MarketDataDef.ConnStatus_QCFutDisConnected">
            <summary>
            海外期貨/選擇權(QuoteCom)斷線
            </summary>
            <remarks>
            代碼: 10301
            </remarks>
        </member>
        <member name="F:KGI.TW.Der.STQuote.MarketDataDef.ConnStatus_QCFutLogin">
            <summary>
            海外期貨/選擇權(QuoteCom)登入
            </summary>
            <remarks>
            代碼: 00302
            </remarks>
        </member>
        <member name="F:KGI.TW.Der.STQuote.MarketDataDef.ConnStatus_QCFutLogout">
            <summary>
            海外期貨/選擇權(QuoteCom)登出
            </summary>
            <remarks>
            代碼: 10302
            </remarks>
        </member>
        <member name="F:KGI.TW.Der.STQuote.MarketDataDef.SubscribeStatus_QCFutSubscribe">
            <summary>
            海外期貨/選擇權(QuoteCom)訂閱
            </summary>
            <remarks>
            代碼: 00303
            </remarks>
        </member>
        <member name="F:KGI.TW.Der.STQuote.MarketDataDef.SubscribeStatus_QCFutUnSubscribe">
            <summary>
            海外期貨/選擇權(QuoteCom)取消訂閱
            </summary>
            <remarks>
            代碼: 10303
            </remarks>
        </member>
        <member name="F:KGI.TW.Der.STQuote.MarketDataDef.GetProductStatus_QCFutFinished">
            <summary>
            海外期貨/選擇權(QuoteCom) 產品基本資料回補完成
            </summary>
            <remarks>
            代碼: 00308
            </remarks>
        </member>
        <member name="F:KGI.TW.Der.STQuote.MarketDataDef.GetProductStatus_QCFutNotFinished">
            <summary>
            海外期貨/選擇權(QuoteCom) 產品基本資料回補失敗
            </summary>
            <remarks>
            代碼: 10308
            </remarks>
        </member>
        <member name="F:KGI.TW.Der.STQuote.MarketDataDef.RecoverStatus_QCFutFinished">
            <summary>
            海外期貨/選擇權(QuoteCom) 一次性資料回補完成
            </summary>
            <remarks>
            代碼: 00309
            </remarks>
        </member>
        <member name="F:KGI.TW.Der.STQuote.MarketDataDef.RecoverStatus_QCFutNotFinishedStart">
            <summary>
            海外期貨/選擇權(QuoteCom) 一次性資料回補失敗(開始)
            </summary>
            <remarks>
            代碼: 10309
            </remarks>
        </member>
        <member name="F:KGI.TW.Der.STQuote.MarketDataDef.RecoverStatus_QCFutNotFinishedEnd">
            <summary>
            海外期貨/選擇權(QuoteCom) 一次性資料回補失敗(結束)
            </summary>
            <remarks>
            代碼: 10310
            </remarks>
        </member>
        <member name="F:KGI.TW.Der.STQuote.MarketDataDef.ErrorStatus_QCFutOtherError">
            <summary>
            海外期貨/選擇權(QuoteCom) 其他錯誤
            </summary>
            <remarks>
            代碼: 10399
            </remarks>
        </member>
        <member name="F:KGI.TW.Der.STQuote.MarketDataDef.ConnStatus_PSConnected">
            <summary>
            Price Server 連線
            </summary>
            <remarks>
            代碼: 00401
            </remarks>
        </member>
        <member name="F:KGI.TW.Der.STQuote.MarketDataDef.ConnStatus_PSDisConnected">
            <summary>
            Price Server 斷線
            </summary>
            <remarks>
            代碼: 10401
            </remarks>
        </member>
        <member name="F:KGI.TW.Der.STQuote.MarketDataDef.GetProductStatus_PSFinished">
            <summary>
            Price Server 產品基本資料回補完成
            </summary>
            <remarks>
            代碼: 00408
            </remarks>
        </member>
        <member name="F:KGI.TW.Der.STQuote.MarketDataDef.GetProductStatus_PSNotFinished">
            <summary>
            Price Server 產品基本資料回補失敗
            </summary>
            <remarks>
            代碼: 10408
            </remarks>
        </member>
        <member name="F:KGI.TW.Der.STQuote.MarketDataDef.RecoverStatus_PSFinished">
            <summary>
            Price Server 一次性資料回補完成
            </summary>
            <remarks>
            代碼: 00409
            </remarks>
        </member>
        <member name="F:KGI.TW.Der.STQuote.MarketDataDef.RecoverStatus_PSNotFinishedStart">
            <summary>
            Price Server  一次性資料回補失敗(開始)
            </summary>
            <remarks>
            代碼: 10409
            </remarks>
        </member>
        <member name="F:KGI.TW.Der.STQuote.MarketDataDef.RecoverStatus_PSNotFinishedEnd">
            <summary>
            Price Server 一次性資料回補失敗(結束)
            </summary>
            <remarks>
            代碼: 10410
            </remarks>
        </member>
        <member name="F:KGI.TW.Der.STQuote.MarketDataDef.ErrorStatus_PSOtherError">
            <summary>
            Price Server 其他錯誤
            </summary>
            <remarks>
            代碼: 10499
            </remarks>
        </member>
        <member name="F:KGI.TW.Der.STQuote.MarketDataDef.ConnStatus_MsgChPSConnected">
            <summary>
            MsgChannelPriceService 連線
            </summary>
            <remarks>
            代碼: 00501
            </remarks>
        </member>
        <member name="F:KGI.TW.Der.STQuote.MarketDataDef.ConnStatus_MsgChPSDisConnected">
            <summary>
            MsgChannelPriceService 斷線
            </summary>
            <remarks>
            代碼: 10501
            </remarks>
        </member>
        <member name="F:KGI.TW.Der.STQuote.MarketDataDef.GetProductStatus_MsgChPSFinished">
            <summary>
            MsgChannelPriceService 產品基本資料回補完成
            </summary>
            <remarks>
            代碼: 00508
            </remarks>
        </member>
        <member name="F:KGI.TW.Der.STQuote.MarketDataDef.GetProductStatus_MsgChPSNotFinished">
            <summary>
            MsgChannelPriceService 產品基本資料回補失敗
            </summary>
            <remarks>
            代碼: 10508
            </remarks>
        </member>
        <member name="F:KGI.TW.Der.STQuote.MarketDataDef.RecoverStatus_MsgChPSFinished">
            <summary>
            MsgChannelPriceService 一次性資料回補完成
            </summary>
            <remarks>
            代碼: 00509
            </remarks>
        </member>
        <member name="F:KGI.TW.Der.STQuote.MarketDataDef.RecoverStatus_MsgChPSNotFinishedStart">
             <summary>
            MsgChannelPriceService 一次性資料回補失敗(開始)
             </summary>
             <remarks>
             代碼: 10409
             </remarks>
        </member>
        <member name="F:KGI.TW.Der.STQuote.MarketDataDef.RecoverStatus_MsgChPSNotFinishedEnd">
            <summary>
             MsgChannelPriceService 一次性資料回補失敗(結束)
            </summary>
            <remarks>
            代碼: 10510
            </remarks>
        </member>
        <member name="F:KGI.TW.Der.STQuote.MarketDataDef.ErrorStatus_MsgChPSOtherError">
            <summary>
            MsgChannelPriceService 其他錯誤
            </summary>
            <remarks>
            代碼: 10599
            </remarks>
        </member>
        <member name="T:KGI.TW.Der.STQuote.STQuoteAPI">
            <summary>
            STQuote API: 實作IMarketDataSource介面，提供Client端使用此物件，將依設定檔嵌入的所需行情管道來源取得行情。
            </summary>
            <remarks>
            使用方式<br/>
            <list type="number">
            <item>引用所需的DLL</item>
            <item>設定參數及回報事件</item>
            </list> 
            </remarks>
            <example>    
            <!-- 無法納入格式錯誤的 XML 檔 "e:\Project\ST\4_程式開發相關\Source\STQuote\Doc\CodeExample.xml" -->
            </example>
            <seealso cref="T:KGI.TW.Der.STQuote.IMarketDataSource"/>
        </member>
        <member name="F:KGI.TW.Der.STQuote.STQuoteAPI.dicIMarketDataSource">
            <summary>
            儲存ServiceCode跟IMarketDataSource間的對應
            </summary>
        </member>
        <member name="F:KGI.TW.Der.STQuote.STQuoteAPI.dicSubProductsInfo">
            <summary>
            儲存訂閱過的商品
            </summary>
        </member>
        <member name="F:KGI.TW.Der.STQuote.STQuoteAPI.lsProducts">
            <summary>
            儲存訂閱商品資訊
            </summary>
        </member>
        <member name="M:KGI.TW.Der.STQuote.STQuoteAPI.#ctor">
            <summary>
            STQuoteAPI 建構子
            </summary>
        </member>
        <member name="M:KGI.TW.Der.STQuote.STQuoteAPI.#ctor(KGI.TW.Der.STQuote.QuoteData.IMarketDataSub)">
            <summary>
            STQuoteAPI 建構子
            </summary>
            <param name="subInfo">帶入交易所、市場別、商品代碼、盤別</param>
        </member>
        <member name="M:KGI.TW.Der.STQuote.STQuoteAPI.marketDataSource_OnConnectStatus(System.Int32,System.String)">
            <summary>
            收到與各行情API連線狀態事件
            </summary>
            <param name="statusCode">行情API代碼</param>
            <param name="reason">訊息</param>
        </member>
        <member name="M:KGI.TW.Der.STQuote.STQuoteAPI.marketDataSource_OnQuote(KGI.TW.Der.STQuote.IMarketDataSource,KGI.TW.Der.STQuote.QuoteData.IQuote)">
            <summary>
            收到Quote Server(Future/Option) 詢價資訊事件
            </summary>
            <param name="source">Quote API來源</param>
            <param name="quote">底層回傳詢價資訊</param>
        </member>
        <member name="M:KGI.TW.Der.STQuote.STQuoteAPI.marketDataSource_OnBestOrder(KGI.TW.Der.STQuote.IMarketDataSource,KGI.TW.Der.STQuote.QuoteData.IBestOrder)">
            <summary>
            收到最佳N檔委託買賣價量事件
            </summary>
            <param name="source">Quote API來源</param>
            <param name="bestOrder">底層回傳最價N檔委託買賣價量資訊</param>
        </member>
        <member name="M:KGI.TW.Der.STQuote.STQuoteAPI.marketDataSource_OnDeal(KGI.TW.Der.STQuote.IMarketDataSource,KGI.TW.Der.STQuote.QuoteData.IDeal)">
            <summary>
            收到即時成交價量事件
            </summary>
            <param name="source">Quote API來源</param>
            <param name="deal">底層回傳成交資訊</param>
        </member>
        <member name="M:KGI.TW.Der.STQuote.STQuoteAPI.marketDataSource_OnProduct(KGI.TW.Der.STQuote.IMarketDataSource,KGI.TW.Der.STQuote.QuoteData.IProduct)">
            <summary>
            收到商品基本資料事件
            </summary>
            <param name="source">Quote API來源</param>
            <param name="product">底層回傳基本資料資訊</param>
        </member>
        <member name="M:KGI.TW.Der.STQuote.STQuoteAPI.marketDataSource_OnOpenHighLow(KGI.TW.Der.STQuote.IMarketDataSource,KGI.TW.Der.STQuote.QuoteData.IOpenHighLow)">
            <summary>
            收到開盤價、最高低價事件
            </summary>
            <param name="source">Quote API來源</param>
            <param name="openHighLow">底層回傳開盤價、最高低價資料資訊</param>
        </member>
        <member name="M:KGI.TW.Der.STQuote.STQuoteAPI.marketDataSource_OnRecoverInfo(KGI.TW.Der.STQuote.QuoteData.RecoverInfo)">
            <summary>
            收到回補的資訊(基本資料、成交資料、開盤及高低價量、回補狀態)事件
            </summary>
            <param name="recoverInfo">行情API底層回傳回補資訊</param>
            <remarks>
            recoverFlag <br/>
            <list type="number">
            <item>bit0 : 基本資料</item>
            <item>bit1 : 成交資料</item>
            <item>bit1 : 開盤及高低價量</item>
             </list> 
            </remarks>
        </member>
        <member name="M:KGI.TW.Der.STQuote.STQuoteAPI.marketDataSource_OnRecoverFinished(System.Int32,System.String)">
            <summary>
            收到回補完成flag事件
            </summary>
            <param name="recoverFinshed">回傳回補完成代碼</param>
            <param name="msg">底層回傳回補完成訊息</param>
        </member>
        <member name="M:KGI.TW.Der.STQuote.STQuoteAPI.marketDataSource_OnError(System.String,System.Int32,System.String)">
            <summary>
            收到各行情API 傳出的錯誤訊息
            </summary>
            <param name="serviceCode">提供行情API來源</param>
            <param name="errorCode">錯誤代碼</param>
            <param name="msg">錯誤訊息</param>
        </member>
        <member name="M:KGI.TW.Der.STQuote.STQuoteAPI.marketDataSource_OnMarketAmount(KGI.TW.Der.STQuote.IMarketDataSource,KGI.TW.Der.STQuote.QuoteData.IMarketAmount)">
            <summary>
            收到即時大盤總成交金額事件
            </summary>
            <param name="source">Quote API來源</param>
            <param name="marketAmount">底層回傳大盤總成交金額資訊</param>
        </member>
        <member name="M:KGI.TW.Der.STQuote.STQuoteAPI.Init(KGI.TW.Der.STQuote.QuoteData.ISetting)">
            <summary>
            QuoteAPI 初始化功能(目前未使用)
            </summary>
            <param name="setting">連線設定參數</param>
            <returns>true: 初始化成功, false: 初始化失敗</returns>
        </member>
        <member name="M:KGI.TW.Der.STQuote.STQuoteAPI.UnInit">
            <summary>
            關閉QuoteAPI  (同DisConnect)
            </summary>
            <returns>true: 反初始化成功, false: 反初始化失敗</returns>
        </member>
        <member name="M:KGI.TW.Der.STQuote.STQuoteAPI.Connect">
            <summary>
            建立Quote API 連線
            </summary>
        </member>
        <member name="M:KGI.TW.Der.STQuote.STQuoteAPI.DisConnect">
            <summary>
            取消Quote API 連線
            </summary>
        </member>
        <member name="M:KGI.TW.Der.STQuote.STQuoteAPI.ReSubAPIProducts">
            <summary>
            在STQuoteAPI不重新new物件的情況下，可進行重連線
            </summary>
        </member>
        <member name="M:KGI.TW.Der.STQuote.STQuoteAPI.Sub(KGI.TW.Der.STQuote.QuoteData.IMarketDataSub)">
            <summary>
            訂閱成交價、五檔價量
            </summary>
            <param name="subInfo">帶入交易所、市場別、商品代碼、盤別</param>
        </member>
        <member name="M:KGI.TW.Der.STQuote.STQuoteAPI.UnSub(KGI.TW.Der.STQuote.QuoteData.IMarketDataSub)">
            <summary>
            取消訂閱成交價、五檔價量取消訂閱，目前只有海外期/權才有支援此功能(QouteCom API)
            </summary>
            <param name="subInfo">帶入交易所、市場別、商品代碼、盤別</param>
            <returns>-1: 不支援; 0: 成功</returns>
        </member>
        <member name="M:KGI.TW.Der.STQuote.STQuoteAPI.Recover(KGI.TW.Der.STQuote.QuoteData.IMarketDataSub)">
            <summary>
            進行回補(基本資料、成交資料、開盤高低價資料)，可全部或單檔訂閱
            </summary>
            <param name="subInfo">帶入交易所、市場別、商品代碼、盤別</param>
        </member>
        <member name="M:KGI.TW.Der.STQuote.STQuoteAPI.GetProductInfo(KGI.TW.Der.STQuote.QuoteData.IMarketDataSub)">
            <summary>
            取得產品基本資料
            </summary>
            <param name="subInfo">帶入交易所、市場別、商品代碼、盤別</param>
        </member>
        <member name="M:KGI.TW.Der.STQuote.STQuoteAPI.GetOpenHighLow(KGI.TW.Der.STQuote.QuoteData.IMarketDataSub)">
            <summary>
            取得開盤價、高低價
            </summary>
            <param name="subInfo">帶入交易所、市場別、商品代碼、盤別</param>
        </member>
        <member name="M:KGI.TW.Der.STQuote.STQuoteAPI.SubIndex(KGI.TW.Der.STQuote.QuoteData.IMarketDataSub)">
            <summary>
            訂閱大盤指數
            </summary>
            <param name="subInfo">帶入交易所、市場別、商品代碼、盤別</param>
        </member>
        <member name="M:KGI.TW.Der.STQuote.STQuoteAPI.SubMarketAmount">
            <summary>
            訂閱大盤總成交金額
            </summary>
            <param name="subInfo">帶入交易所、市場別、商品代碼、盤別</param>
        </member>
        <member name="M:KGI.TW.Der.STQuote.STQuoteAPI.Login">
            <summary>
            登入
            </summary>
        </member>
        <member name="M:KGI.TW.Der.STQuote.STQuoteAPI.Logout">
            <summary>
            登出
            </summary>
        </member>
        <member name="M:KGI.TW.Der.STQuote.STQuoteAPI.SubQuote(KGI.TW.Der.STQuote.QuoteData.IMarketDataSub)">
            <summary>
            訂閱選擇權即時詢價揭示訊息(只支援國內期貨)
            </summary>
            <param name="subInfo">帶入交易所、市場別、商品代碼、盤別</param>
            <returns>-1: 不支援; 0: 成功</returns>
        </member>
        <member name="M:KGI.TW.Der.STQuote.STQuoteAPI.FindServiceCode(System.String)">
            <summary>
            查找交易所對應的行情API服務器名稱
            </summary>
            <param name="exchange">交易所名稱</param>
            <returns>行情API服務器名稱</returns>
        </member>
        <member name="P:KGI.TW.Der.STQuote.STQuoteAPI.SettingFilename">
            <summary>
            動態嵌入各行情API設定檔的路徑及名稱
            </summary>
        </member>
        <member name="P:KGI.TW.Der.STQuote.STQuoteAPI.ErrorMsg">
            <summary>
            ST Quote API 錯誤訊息
            </summary>
        </member>
        <member name="P:KGI.TW.Der.STQuote.STQuoteAPI.ErrorCode">
            <summary>
            ST Quote API 錯誤代碼
            </summary>
        </member>
        <member name="P:KGI.TW.Der.STQuote.STQuoteAPI.ServiceCode">
            <summary>
            QuoteAPI 服務器代碼
            </summary>
            <remarks>
            目前有KGIQSStkService、KGIQSFutService、KGIQCFutService
            </remarks>
        </member>
        <member name="P:KGI.TW.Der.STQuote.STQuoteAPI.Log">
            <summary>
            提供給API寫入Log的機制
            </summary>
        </member>
        <member name="E:KGI.TW.Der.STQuote.STQuoteAPI.OnConnectStatus">
            <summary>
            回傳連線狀態事件
            </summary>
        </member>
        <member name="E:KGI.TW.Der.STQuote.STQuoteAPI.OnQuote">
            <summary>
            回傳產品詢價事件
            </summary>
        </member>
        <member name="E:KGI.TW.Der.STQuote.STQuoteAPI.OnDeal">
            <summary>
            回傳產品成交資料事件
            </summary>
        </member>
        <member name="E:KGI.TW.Der.STQuote.STQuoteAPI.OnBestOrder">
            <summary>
            回傳產品最佳N檔委託價事件
            </summary>
        </member>
        <member name="E:KGI.TW.Der.STQuote.STQuoteAPI.OnProduct">
            <summary>
            回傳產品基本條件事件
            </summary>
        </member>
        <member name="E:KGI.TW.Der.STQuote.STQuoteAPI.OnOpenHighLow">
            <summary>
            回傳產品開盤價、最高低價事件
            </summary>
        </member>
        <member name="E:KGI.TW.Der.STQuote.STQuoteAPI.OnRecoverInfo">
            <summary>
            回傳產品資料回補事件
            </summary>
            <remarks>
            回補資訊說明 <br/>
            <list type="number">
            <item>基本資料</item>
            <item>成交資料</item>
            <item>開盤價</item>
            <item>最高低價</item>
            <item><term>RecoverfinishedFlag 旗標</term>
            <description>
            bit0: Recover Product Info finished<br/>
            bit1: Recover Deal Info finished<br/>
            bit2: Recover Open, High, Low price Info finished<br/>
            </description>
            </item>
             </list> 
            </remarks>
        </member>
        <member name="E:KGI.TW.Der.STQuote.STQuoteAPI.OnRecoverFinished">
            <summary>
            回傳產品回補完成事件
            </summary>
        </member>
        <member name="E:KGI.TW.Der.STQuote.STQuoteAPI.OnError">
            <summary>
            回傳錯誤訊息事件
            </summary>
        </member>
        <member name="E:KGI.TW.Der.STQuote.STQuoteAPI.OnMarketAmount">
            <summary>
            回傳大盤成交總金額 (Only  support TWSE)
            </summary>
        </member>
        <member name="T:KGI.TW.Der.STQuote.STQuoteAPI.SubProductTypeEnum">
            <summary>
            訂閱行情的方式
            </summary>
        </member>
        <member name="T:KGI.TW.Der.STQuote.QuoteData.ProductInfo">
            <summary>
            實作商品基本資料介面
            </summary>
        </member>
        <member name="P:KGI.TW.Der.STQuote.QuoteData.ProductInfo.Exchange">
            <summary>
            交易所: 國內 TWSE,OTC,TAIFAX
                          國外 SGX,HK,CME,CBOT,EUREX
            </summary>
        </member>
        <member name="P:KGI.TW.Der.STQuote.QuoteData.ProductInfo.Symbol">
            <summary>
            商品代碼
            </summary>
        </member>
        <member name="P:KGI.TW.Der.STQuote.QuoteData.ProductInfo.GlobalName">
            <summary>
            商品名稱
            </summary>
        </member>
        <member name="P:KGI.TW.Der.STQuote.QuoteData.ProductInfo.Underlying">
            <summary>
            標的代號: for 個股期貨
            </summary>
        </member>
        <member name="P:KGI.TW.Der.STQuote.QuoteData.ProductInfo.LotSize">
            <summary>
            每單位股數
            </summary>
        </member>
        <member name="P:KGI.TW.Der.STQuote.QuoteData.ProductInfo.Reference">
            <summary>
             平盤價
            </summary>
        </member>
        <member name="P:KGI.TW.Der.STQuote.QuoteData.ProductInfo.UpLimit">
            <summary>
            漲停價
            </summary>
        </member>
        <member name="P:KGI.TW.Der.STQuote.QuoteData.ProductInfo.DownLimit">
            <summary>
            跌停價
            </summary>
        </member>
        <member name="P:KGI.TW.Der.STQuote.QuoteData.ProductInfo.LotsSizeA">
            <summary>
            乘數(預留)
            </summary>
        </member>
        <member name="T:KGI.TW.Der.STQuote.QuoteData.IMarketAmount">
            <summary>
            
            </summary>
        </member>
        <member name="P:KGI.TW.Der.STQuote.QuoteData.IMarketAmount.CallWarrantAmount">
            <summary>
            認購權證成交總金額
            </summary>
        </member>
        <member name="P:KGI.TW.Der.STQuote.QuoteData.IMarketAmount.FundAmount">
            <summary>
            基金成交總金額
            </summary>
        </member>
        <member name="P:KGI.TW.Der.STQuote.QuoteData.IMarketAmount.MatchAmount">
            <summary>
            整體市場成交總金額
            </summary>
        </member>
        <member name="P:KGI.TW.Der.STQuote.QuoteData.IMarketAmount.PutWarrantAmount">
            <summary>
            認售權證成交總金額
            </summary>
        </member>
        <member name="P:KGI.TW.Der.STQuote.QuoteData.IMarketAmount.StockAmount">
            <summary>
            股票成交總金額
            </summary>
        </member>
        <member name="P:KGI.TW.Der.STQuote.QuoteData.IMarketAmount.Market">
            <summary>
            市場別 "01":TSEC "02":OTC
            </summary>
        </member>
        <member name="P:KGI.TW.Der.STQuote.QuoteData.IMarketAmount.Time">
            <summary>
            成交時間: 開盤前 000000 收盤後 999999
            </summary>
        </member>
        <member name="P:KGI.TW.Der.STQuote.QuoteData.MarketAmountInfo.CallWarrantAmount">
            <summary>
            認購權證成交總金額
            </summary>
        </member>
        <member name="P:KGI.TW.Der.STQuote.QuoteData.MarketAmountInfo.FundAmount">
            <summary>
            基金成交總金額
            </summary>
        </member>
        <member name="P:KGI.TW.Der.STQuote.QuoteData.MarketAmountInfo.MatchAmount">
            <summary>
            整體市場成交總金額
            </summary>
        </member>
        <member name="P:KGI.TW.Der.STQuote.QuoteData.MarketAmountInfo.PutWarrantAmount">
            <summary>
            認售權證成交總金額
            </summary>
        </member>
        <member name="P:KGI.TW.Der.STQuote.QuoteData.MarketAmountInfo.StockAmount">
            <summary>
            股票成交總金額
            </summary>
        </member>
        <member name="P:KGI.TW.Der.STQuote.QuoteData.MarketAmountInfo.Market">
            <summary>
            市場別 "01":TSEC "02":OTC
            </summary>
        </member>
        <member name="P:KGI.TW.Der.STQuote.QuoteData.MarketAmountInfo.Time">
            <summary>
            成交時間: 開盤前 000000 收盤後 999999
            </summary>
        </member>
        <member name="T:KGI.TW.Der.STQuote.QuoteData.IQuote">
            <summary>
            詢價回應介面
            </summary>
        </member>
        <member name="P:KGI.TW.Der.STQuote.QuoteData.IQuote.Exchange">
            <summary>
            交易所: 國內 TWSE,OTC,TAIFAX
                          國外 SGX,HK,CME,CBOT,EUREX
            </summary>
        </member>
        <member name="P:KGI.TW.Der.STQuote.QuoteData.IQuote.Symbol">
            <summary>
            商品代碼
            </summary>
        </member>
        <member name="P:KGI.TW.Der.STQuote.QuoteData.IQuote.Disclosuretime">
            <summary>
            詢價時間
            </summary>
        </member>
        <member name="P:KGI.TW.Der.STQuote.QuoteData.IQuote.DurationTime">
            <summary>
            詢價持續時間
            </summary>
        </member>
        <member name="T:KGI.TW.Der.STQuote.QuoteData.QuoteInfo">
            <summary>
            實作詢價回應介面
            </summary>
        </member>
        <member name="P:KGI.TW.Der.STQuote.QuoteData.QuoteInfo.Exchange">
            <summary>
            交易所: 國內 TWSE,OTC,TAIFAX
                          國外 SGX,HK,CME,CBOT,EUREX
            </summary>
        </member>
        <member name="P:KGI.TW.Der.STQuote.QuoteData.QuoteInfo.Symbol">
            <summary>
            商品代碼
            </summary>
        </member>
        <member name="P:KGI.TW.Der.STQuote.QuoteData.QuoteInfo.Disclosuretime">
            <summary>
            詢價時間
            </summary>
        </member>
        <member name="P:KGI.TW.Der.STQuote.QuoteData.QuoteInfo.DurationTime">
            <summary>
            詢價持續時間
            </summary>
        </member>
    </members>
</doc>
