<?xml version="1.0" encoding="UTF-8"?><?xml-stylesheet type='text/xsl' href='_UpgradeReport_Files/UpgradeReport.xslt'?><UpgradeLog>
<Properties><Property Name="Solution" Value="TsServer">
</Property><Property Name="方案檔" Value="C:\Users\0003107\Documents\Visual Studio 2010\Projects\TsServer2010\TsServer.sln">
</Property><Property Name="使用者選項檔" Value="C:\Users\0003107\Documents\Visual Studio 2010\Projects\TsServer2010\TsServer.suo">
</Property><Property Name="Date" Value="2015年10月12日">
</Property><Property Name="Time" Value="下午 16:59">
</Property></Properties><Event ErrorLevel="0" Project="" Source="TsServer.sln" Description="檔案已成功備份為 C:\Users\0003107\Documents\Visual Studio 2010\Projects\TsServer2010\Backup3\TsServer.sln">
</Event><Event ErrorLevel="0" Project="" Source="TsServer.suo" Description="檔案已成功備份為 C:\Users\0003107\Documents\Visual Studio 2010\Projects\TsServer2010\Backup3\TsServer.suo">
</Event><Event ErrorLevel="0" Project="TSServer" Source="TsServer\TSServer.csproj" Description="專案檔已成功備份為 C:\Users\0003107\Documents\Visual Studio 2010\Projects\TsServer2010\Backup3\TsServer\TSServer.csproj">
</Event><Event ErrorLevel="0" Project="TSServer" Source="TsServer\FrmConnection.cs" Description="檔案已成功備份為 C:\Users\0003107\Documents\Visual Studio 2010\Projects\TsServer2010\Backup3\TsServer\FrmConnection.cs">
</Event><Event ErrorLevel="0" Project="TSServer" Source="TsServer\FrmConnection.Designer.cs" Description="檔案已成功備份為 C:\Users\0003107\Documents\Visual Studio 2010\Projects\TsServer2010\Backup3\TsServer\FrmConnection.Designer.cs">
</Event><Event ErrorLevel="0" Project="TSServer" Source="TsServer\FrmSetting.cs" Description="檔案已成功備份為 C:\Users\0003107\Documents\Visual Studio 2010\Projects\TsServer2010\Backup3\TsServer\FrmSetting.cs">
</Event><Event ErrorLevel="0" Project="TSServer" Source="TsServer\FrmSetting.Designer.cs" Description="檔案已成功備份為 C:\Users\0003107\Documents\Visual Studio 2010\Projects\TsServer2010\Backup3\TsServer\FrmSetting.Designer.cs">
</Event><Event ErrorLevel="0" Project="TSServer" Source="TsServer\Main.cs" Description="檔案已成功備份為 C:\Users\0003107\Documents\Visual Studio 2010\Projects\TsServer2010\Backup3\TsServer\Main.cs">
</Event><Event ErrorLevel="0" Project="TSServer" Source="TsServer\Main.Designer.cs" Description="檔案已成功備份為 C:\Users\0003107\Documents\Visual Studio 2010\Projects\TsServer2010\Backup3\TsServer\Main.Designer.cs">
</Event><Event ErrorLevel="0" Project="TSServer" Source="TsServer\frmTSServer.cs" Description="檔案已成功備份為 C:\Users\0003107\Documents\Visual Studio 2010\Projects\TsServer2010\Backup3\TsServer\frmTSServer.cs">
</Event><Event ErrorLevel="0" Project="TSServer" Source="TsServer\frmTSServer.Designer.cs" Description="檔案已成功備份為 C:\Users\0003107\Documents\Visual Studio 2010\Projects\TsServer2010\Backup3\TsServer\frmTSServer.Designer.cs">
</Event><Event ErrorLevel="0" Project="TSServer" Source="TsServer\Program.cs" Description="檔案已成功備份為 C:\Users\0003107\Documents\Visual Studio 2010\Projects\TsServer2010\Backup3\TsServer\Program.cs">
</Event><Event ErrorLevel="0" Project="TSServer" Source="TsServer\Properties\AssemblyInfo.cs" Description="檔案已成功備份為 C:\Users\0003107\Documents\Visual Studio 2010\Projects\TsServer2010\Backup3\TsServer\Properties\AssemblyInfo.cs">
</Event><Event ErrorLevel="0" Project="TSServer" Source="TsServer\Properties\Resources.Designer.cs" Description="檔案已成功備份為 C:\Users\0003107\Documents\Visual Studio 2010\Projects\TsServer2010\Backup3\TsServer\Properties\Resources.Designer.cs">
</Event><Event ErrorLevel="0" Project="TSServer" Source="TsServer\Properties\Settings.Designer.cs" Description="檔案已成功備份為 C:\Users\0003107\Documents\Visual Studio 2010\Projects\TsServer2010\Backup3\TsServer\Properties\Settings.Designer.cs">
</Event><Event ErrorLevel="0" Project="TSServer" Source="TsServer\App.config" Description="檔案已成功備份為 C:\Users\0003107\Documents\Visual Studio 2010\Projects\TsServer2010\Backup3\TsServer\App.config">
</Event><Event ErrorLevel="0" Project="TSServer" Source="TsServer\Properties\Settings.settings" Description="檔案已成功備份為 C:\Users\0003107\Documents\Visual Studio 2010\Projects\TsServer2010\Backup3\TsServer\Properties\Settings.settings">
</Event><Event ErrorLevel="0" Project="TSServer" Source="TsServer\GCSC.ICO" Description="檔案已成功備份為 C:\Users\0003107\Documents\Visual Studio 2010\Projects\TsServer2010\Backup3\TsServer\GCSC.ICO">
</Event><Event ErrorLevel="0" Project="TSServer" Source="TsServer\FrmConnection.resx" Description="檔案已成功備份為 C:\Users\0003107\Documents\Visual Studio 2010\Projects\TsServer2010\Backup3\TsServer\FrmConnection.resx">
</Event><Event ErrorLevel="0" Project="TSServer" Source="TsServer\Main.resx" Description="檔案已成功備份為 C:\Users\0003107\Documents\Visual Studio 2010\Projects\TsServer2010\Backup3\TsServer\Main.resx">
</Event><Event ErrorLevel="0" Project="TSServer" Source="TsServer\frmTSServer.resx" Description="檔案已成功備份為 C:\Users\0003107\Documents\Visual Studio 2010\Projects\TsServer2010\Backup3\TsServer\frmTSServer.resx">
</Event><Event ErrorLevel="0" Project="TSServer" Source="TsServer\Properties\Resources.resx" Description="檔案已成功備份為 C:\Users\0003107\Documents\Visual Studio 2010\Projects\TsServer2010\Backup3\TsServer\Properties\Resources.resx">
</Event><Event ErrorLevel="0" Project="TSServer" Source="TsServer\TSServer.csproj" Description="專案檔不需要轉換。">
</Event><Event ErrorLevel="3" Project="TSServer" Source="TsServer\TSServer.csproj" Description="不需要轉換">
</Event><Event ErrorLevel="0" Project="BLPQuote" Source="BLPQuote\BLPQuote.csproj" Description="專案檔已成功備份為 C:\Users\0003107\Documents\Visual Studio 2010\Projects\TsServer2010\Backup3\BLPQuote\BLPQuote.csproj">
</Event><Event ErrorLevel="0" Project="BLPQuote" Source="BLPQuote\BLPQuote.cs" Description="檔案已成功備份為 C:\Users\0003107\Documents\Visual Studio 2010\Projects\TsServer2010\Backup3\BLPQuote\BLPQuote.cs">
</Event><Event ErrorLevel="0" Project="BLPQuote" Source="BLPQuote\Properties\AssemblyInfo.cs" Description="檔案已成功備份為 C:\Users\0003107\Documents\Visual Studio 2010\Projects\TsServer2010\Backup3\BLPQuote\Properties\AssemblyInfo.cs">
</Event><Event ErrorLevel="0" Project="BLPQuote" Source="BLPQuote\BLPQuote.csproj" Description="專案檔不需要轉換。">
</Event><Event ErrorLevel="3" Project="BLPQuote" Source="BLPQuote\BLPQuote.csproj" Description="不需要轉換">
</Event><Event ErrorLevel="1" Project="DeriLib" Source="..\DeriLib\DeriLib.csproj" Description="警告: 專案檔正備份到與原始方案相對路徑不同的相對路徑。不同的資料夾階層架構可能會在開啟或建置備份方案和專案時產生問題。">
</Event><Event ErrorLevel="0" Project="DeriLib" Source="..\DeriLib\DeriLib.csproj" Description="專案檔已成功備份為 C:\Users\0003107\Documents\Visual Studio 2010\Projects\TsServer2010\Backup3\DeriLib\DeriLib.csproj">
</Event><Event ErrorLevel="0" Project="DeriLib" Source="..\DeriLib\DeriLib.csproj.user" Description="專案使用者檔案已成功備份為 C:\Users\0003107\Documents\Visual Studio 2010\Projects\TsServer2010\Backup3\DeriLib\DeriLib.csproj.user">
</Event><Event ErrorLevel="0" Project="DeriLib" Source="..\DeriLib\Client.cs" Description="檔案已成功備份為 C:\Users\0003107\Documents\Visual Studio 2010\Projects\TsServer2010\Backup3\DeriLib\Client.cs">
</Event><Event ErrorLevel="0" Project="DeriLib" Source="..\DeriLib\ComQuote.cs" Description="檔案已成功備份為 C:\Users\0003107\Documents\Visual Studio 2010\Projects\TsServer2010\Backup3\DeriLib\ComQuote.cs">
</Event><Event ErrorLevel="0" Project="DeriLib" Source="..\DeriLib\ComWarrantSearch.cs" Description="檔案已成功備份為 C:\Users\0003107\Documents\Visual Studio 2010\Projects\TsServer2010\Backup3\DeriLib\ComWarrantSearch.cs">
</Event><Event ErrorLevel="0" Project="DeriLib" Source="..\DeriLib\FastQuote.cs" Description="檔案已成功備份為 C:\Users\0003107\Documents\Visual Studio 2010\Projects\TsServer2010\Backup3\DeriLib\FastQuote.cs">
</Event><Event ErrorLevel="0" Project="DeriLib" Source="..\DeriLib\Greeks.cs" Description="檔案已成功備份為 C:\Users\0003107\Documents\Visual Studio 2010\Projects\TsServer2010\Backup3\DeriLib\Greeks.cs">
</Event><Event ErrorLevel="0" Project="DeriLib" Source="..\DeriLib\Properties\Settings.Designer.cs" Description="檔案已成功備份為 C:\Users\0003107\Documents\Visual Studio 2010\Projects\TsServer2010\Backup3\DeriLib\Properties\Settings.Designer.cs">
</Event><Event ErrorLevel="0" Project="DeriLib" Source="..\DeriLib\Quote.cs" Description="檔案已成功備份為 C:\Users\0003107\Documents\Visual Studio 2010\Projects\TsServer2010\Backup3\DeriLib\Quote.cs">
</Event><Event ErrorLevel="0" Project="DeriLib" Source="..\DeriLib\Properties\AssemblyInfo.cs" Description="檔案已成功備份為 C:\Users\0003107\Documents\Visual Studio 2010\Projects\TsServer2010\Backup3\DeriLib\Properties\AssemblyInfo.cs">
</Event><Event ErrorLevel="0" Project="DeriLib" Source="..\DeriLib\QuoteClient.cs" Description="檔案已成功備份為 C:\Users\0003107\Documents\Visual Studio 2010\Projects\TsServer2010\Backup3\DeriLib\QuoteClient.cs">
</Event><Event ErrorLevel="0" Project="DeriLib" Source="..\DeriLib\TSModel.cs" Description="檔案已成功備份為 C:\Users\0003107\Documents\Visual Studio 2010\Projects\TsServer2010\Backup3\DeriLib\TSModel.cs">
</Event><Event ErrorLevel="0" Project="DeriLib" Source="..\DeriLib\Util.cs" Description="檔案已成功備份為 C:\Users\0003107\Documents\Visual Studio 2010\Projects\TsServer2010\Backup3\DeriLib\Util.cs">
</Event><Event ErrorLevel="0" Project="DeriLib" Source="..\DeriLib\WarrantSearch.cs" Description="檔案已成功備份為 C:\Users\0003107\Documents\Visual Studio 2010\Projects\TsServer2010\Backup3\DeriLib\WarrantSearch.cs">
</Event><Event ErrorLevel="0" Project="DeriLib" Source="..\DeriLib\WarrantSearchService.cs" Description="檔案已成功備份為 C:\Users\0003107\Documents\Visual Studio 2010\Projects\TsServer2010\Backup3\DeriLib\WarrantSearchService.cs">
</Event><Event ErrorLevel="0" Project="DeriLib" Source="..\DeriLib\app.config" Description="檔案已成功備份為 C:\Users\0003107\Documents\Visual Studio 2010\Projects\TsServer2010\Backup3\DeriLib\app.config">
</Event><Event ErrorLevel="0" Project="DeriLib" Source="..\DeriLib\DeriLibkeyPair.snk" Description="檔案已成功備份為 C:\Users\0003107\Documents\Visual Studio 2010\Projects\TsServer2010\Backup3\DeriLib\DeriLibkeyPair.snk">
</Event><Event ErrorLevel="0" Project="DeriLib" Source="..\DeriLib\Properties\Settings.settings" Description="檔案已成功備份為 C:\Users\0003107\Documents\Visual Studio 2010\Projects\TsServer2010\Backup3\DeriLib\Properties\Settings.settings">
</Event><Event ErrorLevel="0" Project="DeriLib" Source="..\DeriLib\DeriLib.csproj" Description="專案檔不需要轉換。">
</Event><Event ErrorLevel="3" Project="DeriLib" Source="..\DeriLib\DeriLib.csproj" Description="不需要轉換">
</Event><Event ErrorLevel="1" Project="PushToOrc" Source="..\PushToOrc\PushToOrc.csproj" Description="警告: 專案檔正備份到與原始方案相對路徑不同的相對路徑。不同的資料夾階層架構可能會在開啟或建置備份方案和專案時產生問題。">
</Event><Event ErrorLevel="0" Project="PushToOrc" Source="..\PushToOrc\PushToOrc.csproj" Description="專案檔已成功備份為 C:\Users\0003107\Documents\Visual Studio 2010\Projects\TsServer2010\Backup3\PushToOrc\PushToOrc.csproj">
</Event><Event ErrorLevel="0" Project="PushToOrc" Source="..\PushToOrc\PushToOrcSource.cs" Description="檔案已成功備份為 C:\Users\0003107\Documents\Visual Studio 2010\Projects\TsServer2010\Backup3\PushToOrc\PushToOrcSource.cs">
</Event><Event ErrorLevel="0" Project="PushToOrc" Source="..\PushToOrc\Properties\AssemblyInfo.cs" Description="檔案已成功備份為 C:\Users\0003107\Documents\Visual Studio 2010\Projects\TsServer2010\Backup3\PushToOrc\Properties\AssemblyInfo.cs">
</Event><Event ErrorLevel="0" Project="PushToOrc" Source="..\PushToOrc\PushToOrc.csproj" Description="專案轉換成功">
</Event><Event ErrorLevel="3" Project="PushToOrc" Source="..\PushToOrc\PushToOrc.csproj" Description="Converted">
</Event><Event ErrorLevel="0" Project="" Source="TsServer.sln" Description="這個方案檔不需要轉換。">
</Event><Event ErrorLevel="3" Project="" Source="TsServer.sln" Description="不需要轉換">
</Event><Event ErrorLevel="0" Project="PushToOrc" Source="..\PushToOrc\PushToOrc.csproj" Description="掃描完成: 專案檔不需要升級。">
</Event></UpgradeLog>