<?xml version="1.0" encoding="UTF-8"?><?xml-stylesheet type='text/xsl' href='_UpgradeReport_Files/UpgradeReport.xslt'?><UpgradeLog>
<Properties><Property Name="Solution" Value="WCFLimitQuote">
</Property><Property Name="方案檔" Value="C:\Users\0003107\Documents\Visual Studio 2010\Projects\TsServer2010\WCFLimitQuote\WCFLimitQuote.sln">
</Property><Property Name="Date" Value="2015年8月4日">
</Property><Property Name="Time" Value="下午 13:44:11">
</Property></Properties><Event ErrorLevel="0" Project="WCFLimitQuote" Source="WCFLimitQuote.csproj" Description="專案檔已成功備份為 C:\Users\0003107\Documents\Visual Studio 2010\Projects\TsServer2010\WCFLimitQuote\Backup\WCFLimitQuote.csproj">
</Event><Event ErrorLevel="0" Project="WCFLimitQuote" Source="WCFLimitQuoteSource.cs" Description="檔案已成功備份為 C:\Users\0003107\Documents\Visual Studio 2010\Projects\TsServer2010\WCFLimitQuote\Backup\WCFLimitQuoteSource.cs">
</Event><Event ErrorLevel="0" Project="WCFLimitQuote" Source="Properties\AssemblyInfo.cs" Description="檔案已成功備份為 C:\Users\0003107\Documents\Visual Studio 2010\Projects\TsServer2010\WCFLimitQuote\Backup\Properties\AssemblyInfo.cs">
</Event><Event ErrorLevel="0" Project="WCFLimitQuote" Source="WCFLimitQuote.csproj" Description="專案轉換成功">
</Event><Event ErrorLevel="3" Project="WCFLimitQuote" Source="WCFLimitQuote.csproj" Description="Converted">
</Event><Event ErrorLevel="0" Project="WCFLimitQuote" Source="WCFLimitQuote.csproj" Description="掃描完成: 專案檔不需要升級。">
</Event></UpgradeLog>